Username,Student ID,Video Activities: Achieving Conservation [Total Pts: 5 Score] |647449,Chapter 07 Quiz [Total Pts: 5 Score] |647451,Chapter 06 Quiz [Total Pts: 5 Score] |647450,Chapter 10 Quiz [Total Pts: 5 Score] |643312,Video Activities: Homosexuality: Nature or Nurture? [Total Pts: 5 Score] |645559,Chapter 01 Quiz [Total Pts: 5 Score] |614439,Chapter 02 Quiz [Total Pts: 5 Score] |614440,Chapter 03 Quiz [Total Pts: 5 Score] |614441,Chapter 04 Quiz [Total Pts: 5 Score] |614442,Chapter 05 Quiz [Total Pts: 5 Score] |614443,Chapter 08 Quiz [Total Pts: 5 Score] |614447,Chapter 09 Quiz [Total Pts: 5 Score] |614448,Chapter 11 Quiz [Total Pts: 5 Score] |614449,Chapter 14 Quiz [Total Pts: 5 Score] |614450,Chapter 15 Quiz [Total Pts: 5 Score] |614451,Video Activities: Heinz's Story and Moral Development [Total Pts: 5 Score] |614452,Video Activities: The Emergence of Empathy [Total Pts: 5 Score] |614453,Video Activities: Self-Awareness and the Rouge Test [Total Pts: 5 Score] |614454,Video Activities: The Balance Scale Task [Total Pts: 5 Score] |614455,Video Activities: What's Wrong With This Study? [Total Pts: 5 Score] |614456,Video Activities: Prenatal Testing [Total Pts: 5 Score] |614457,Video Activities: Birth [Total Pts: 5 Score] |614458,Video Activities: Newborn States [Total Pts: 5 Score] |614459,Video Activities: Identical Twins: Growing Up Apart [Total Pts: 5 Score] |614460,Video Activities: Genetics and Early Prenatal Development [Total Pts: 5 Score] |614461,Video Activities: Brain Development: Adolescence [Total Pts: 5 Score] |614462,Video Activities: Brain Development: Early Childhood [Total Pts: 5 Score] |614463,Video Activities: Piaget's Conservation-of-Liquid Task [Total Pts: 5 Score] |614464,Video Activities: Piaget's Conservation-of-Number Task [Total Pts: 5 Score] |614465,Video Activities: Newborn Sense Experiences [Total Pts: 5 Score] |614466,Video Activities: Contingency Learning in Young Infants [Total Pts: 5 Score] |614467,Video Activities: Language Acquisition in Young Children [Total Pts: 5 Score] |614468,Video Activities: Theory of Mind: False-Belief Tasks [Total Pts: 5 Score] |614469,Video Activities: Autism Spectrum Disorder: Two Children [Total Pts: 5 Score] |614470,Video Activities: Theory of Mind [Total Pts: 5 Score] |614471,Video Activities: Magical Thinking [Total Pts: 5 Score] |614472,Video Activities: The Effects of Mentoring on Intellectual Development [Total Pts: 5 Score] |614473,Video Activities: Math Strategies [Total Pts: 5 Score] |614474,Video Activities: Observational Learning of Aggression [Total Pts: 5 Score] |614475,Video Activities: Modeling: Learning by Observation [Total Pts: 5 Score] |614476,Video Activities: Can Young Children Delay Gratification? [Total Pts: 5 Score] |614477,Video Activities: Mother Love: The Work of Harry Harlow [Total Pts: 5 Score] |614478,Video Activities: Characteristics of Formal Thought [Total Pts: 5 Score] |614479,LearningCurve 1a) Child Development; Historical Foundations; Enduring Themes [Total Pts: 5 Score] |614480,LearningCurve 1b) Methods for Studying Child Development [Total Pts: 5 Score] |614481,LearningCurve 2a) Prenatal Development [Total Pts: 5 Score] |614482,LearningCurve 2b) Hazards to Prenatal Development [Total Pts: 5 Score] |614483,LearningCurve 2c) The Birth Experience; The Newborn Infant [Total Pts: 5 Score] |614484,LearningCurve 3a) Nature and Nurture; Behavior Genetics [Total Pts: 5 Score] |614485,LearningCurve 4a) Piaget's Theory [Total Pts: 5 Score] |614486,LearningCurve 3b) Brain Development; The Body: Physical Growth and Development [Total Pts: 5 Score] |614487,LearningCurve 4b) Information-Processing; Core-Knowledge; Sociocultural; Dynamic-System Theories [Total Pts: 5 Score] |614488,LearningCurve 5a) Perception [Total Pts: 5 Score] |614489,LearningCurve 5b) Motor Development; Learning; Cognition [Total Pts: 5 Score] |614490,LearningCurve 6a) Language Development [Total Pts: 5 Score] |614491,LearningCurve 6b) Process of Language Acquisition; Theoretical Issues; Nonlinguistic Symbols [Total Pts: 5 Score] |614492,LearningCurve 7a) Understanding Who or What [Total Pts: 5 Score] |614493,"LearningCurve 7b) Understanding Why, Where, When, and How Many [Total Pts: 5 Score] |614494",LearningCurve 8a) What is Intelligence?; Measuring Intelligence [Total Pts: 5 Score] |614495,LearningCurve 8b) IQ Scores; Genes and Environment; Intelligence; Academic Skills [Total Pts: 5 Score] |614496,LearningCurve 9a) Psychoanalytic Theories [Total Pts: 5 Score] |614497,LearningCurve 9b) Learning Theories; Theories of Social Cognition [Total Pts: 5 Score] |614498,LearningCurve 9c) Ecological Theories of Development [Total Pts: 5 Score] |614499,LearningCurve 10a) The Development of Emotions; Understanding Emotions [Total Pts: 5 Score] |614500,LearningCurve 10b) Emotion Regulation; Temperament; The Role of Family; Mental Health [Total Pts: 5 Score] |614501,LearningCurve 11a) The Caregiver-Child Attachment Relationship [Total Pts: 5 Score] |614502,LearningCurve 11b) The Self [Total Pts: 5 Score] |614503,LearningCurve 14a) Moral Judgment [Total Pts: 5 Score] |614504,LearningCurve 14b) Prosocial Behavior; Antisocial Behavior [Total Pts: 5 Score] |614505,LearningCurve 15a) Theoretical Approaches to Gender Development [Total Pts: 5 Score] |614506,LearningCurve 15b) Milestones in Gender Development; Comparing Girls and Boys [Total Pts: 5 Score] |614507,Syllabus Acceptance Survey DUE 1/21 by 11:59pm [Total Pts: 0 Complete/Incomplete] |614508,Class Feedback Form [Total Pts: 0 Complete/Incomplete] |614577,Exam 1 Score [Total Pts: 42 Score] |614578,Exam 1 Percent [Total Pts: 100 Percentage] |614579,Exam 2 Points [Total Pts: 38 Score] |614580,Exam 2 Percentage [Total Pts: 100 Percentage] |614581,Exam 3 Points [Total Pts: 40 Score] |614582,Exam 3 Percentage [Total Pts: 100 Percentage] |614583,Exam 4 Score [Total Pts: 40 Score] |614584,Exam 4 Percentage [Total Pts: 100 Percentage] |614585,Learning Curve Total [Total Pts: 100 Percentage] |614586,Friday Video Total [Total Pts: 100 Percentage] |614587,Friday Quiz Total [Total Pts: 100 Percentage] |614588,Friday Average [Total Pts: 100 Percentage] |614589,Exam Average [Total Pts: 100 Percentage] |614590,iClicker Total [Total Pts: 100 Percentage] |614591,Final Percentage [Total Pts: 100 Percentage] |614592,Final Letter Grade [Total Pts: 0 Text] |614593,Session 2 [Total Pts: 1 Score] |646197,Session 1 [Total Pts: 1 Score] |646471,Session 3 [Total Pts: 1 Score] |647839,Session 4 [Total Pts: 1 Score] |652768,Session 5 [Total Pts: 1 Score] |656412,Session 6 [Total Pts: 1 Score] |658391,Session 7 [Total Pts: 1 Score] |659556,Session 8 [Total Pts: 1 Score] |676090,Lockdown Browser Practice Test for Exam 2- Requires Respondus LockDown Browser [Total Pts: 3 Score] |676890,Exam 2 - Coppola - SP18- Requires Respondus LockDown Browser [Total Pts: 38 Score] |677145,Exam 2 -- Extra Time -- Coppola -- SP18- Requires Respondus LockDown Browser [Total Pts: 38 Score] |677340,Exam 2 - Coppola - LONGER TIME- Requires Respondus LockDown Browser [Total Pts: 38 Score] |677438,Session 9 [Total Pts: 1 Score] |679859
ava14005,2222822,5,4.17,,,5,4.44,4.55,5,,,,,,,,,,,5,5,5,5,5,5,5,5,5,5,5,5,5,5,5,5,5,5,,,,,,,,5,5,5,5,5,5,5,5,5,5,5,5,5,5,5,,,,,,,,,,,,,,In Progress(0.00000),,36,90,,,,,,,,,,,,,,,0,1,1,1,0,1,1,0,,,,,0
dfacchinetti_previewuser,,,,,,,,,,,,,,,,,,,,,,,,,,,,,,,,,,,,,,,,,,,,,,,,,,,,,,,,,,,,,,,,,,,,,,,,,,,,,,,,,,,,,,,,,,,,,,,,,,,,,,,0
mka15001,2197516,5,5,4.58,,5,,,3.75,4,4.58,4.17,,,,,,,,,,,,,5,5,5,5,5,5,5,5,5,5,5,5,5,5,5,,,,,,5,5,5,5,5,5,5,5,5,5,5,5,5,5,5,5,5,,,,,,,,,,,,0,,38,95,35,92.105,,,,,,,,,,,,,1,1,1,1,1,1,1,1,,35,,,1
mea16101,2438688,5,5,4.17,,5,4.44,3.64,4.17,4,3.33,,,,,,,,,5,5,5,5,5,5,5,5,5,5,5,5,5,5,5,5,5,5,,,,,,,,5,5,5,5,5,5,5,5,5,5,5,5,5,5,5,,,,,,,,,,,,,,Needs Grading,,34,85,27,71.053,,,,,,,,,,,,,1,1,1,1,1,1,0,1,3,27,,,1
saa16127,2645931,5,4.17,4.17,,5,4.44,4.09,4.17,4,5,,,,,,,,,5,5,5,5,5,5,5,5,5,5,5,5,5,5,5,5,5,5,,,,,,,,5,5,5,5,5,5,5,5,5,5,5,5,5,5,5,,,,,,,,,,,,,,0,,38,95,36,94.737,,,,,,,,,,,,,1,1,1,1,1,1,1,1,3,36,,,1
ejb15107,2407059,5,5,4.58,,5,5,4.09,4.17,5,3.75,,,,,,,,,5,5,5,5,5,5,5,5,5,5,5,5,5,5,5,5,5,5,,,,,,,,5,5,5,5,5,5,5,5,5,5,5,5,5,5,5,,,,,,,,,,,,,,0,,29,72.5,31,81.579,,,,,,,,,,,,,1,1,1,1,1,1,1,1,0,31,,,1
jlb15003,2347745,5,,4.58,,5,4.44,3.64,4.58,3.33,2.92,,,,,,,,,5,5,5,5,5,5,5,5,5,5,5,5,5,5,,,,,,,,,,,,5,5,5,5,5,5,5,5,5,5,5,5,5,,,,,,,,,,,,,,,,0,,30,75,38,100,,,,,,,,,,,,,1,0,1,1,1,1,1,1,3,,,38,0
krb14016,2339493,5,5,4.58,4.72,5,4.44,5,4.58,3.67,4.58,5,5,5,4.44,4.44,5,5,5,5,5,5,5,5,5,5,5,5,5,5,5,5,5,5,5,5,5,5,5,5,5,,5,5,5,5,5,5,5,5,5,5,5,5,5,5,5,5,5,5,5,5,5,5,5,5,5,5,5,5,5,5,Needs Grading,,35,87.5,33,86.842,,,,,,,,,,,,,1,1,1,1,1,1,1,1,3,33,,,1
ecb12002,2013297,5,5,5,,5,5,4.55,5,4.33,4.58,,,,,,,,,5,5,5,5,5,5,5,5,5,5,5,5,5,5,5,5,5,5,,,,,,,,5,5,5,5,5,5,5,5,5,5,5,5,5,5,5,,,,,,,,,,,,,,0,,40,100,37,97.368,,,,,,,,,,,,,1,1,1,1,1,1,0,0,,37,,,1
mcb15108,2402381,5,5,5,,5,4.44,,4.58,3.67,4.17,4.44,,,,,,,,5,5,5,,,5,5,5,5,5,5,5,5,5,5,5,5,5,5,5,,,,,,5,5,5,0,,5,5,5,5,5,5,5,5,5,5,5,5,,,,,,,,,,,,0,,32,80,34,89.474,,,,,,,,,,,,,1,1,1,1,1,1,1,1,2,34,,,1
gab15104,2405354,5,4.17,3.75,,5,3.33,3.64,3.33,3.33,3.33,,,,,,,,,5,5,5,5,5,5,5,5,5,5,5,5,5,5,5,5,5,5,,,,,,,,5,5,5,5,5,5,5,5,5,5,5,5,5,5,5,,,,,,,,,,,,,,0,,37,92.5,31,81.579,,,,,,,,,,,,,1,1,1,1,1,1,0,1,3,,,31,0
kmb13025,2135311,5,3.33,3.75,,5,4.44,5,4.17,3.67,4.58,,,,,,,,,5,5,5,5,5,5,5,5,5,5,5,5,5,5,5,5,5,5,,,,,,,,5,5,5,5,5,5,5,5,5,5,5,5,5,5,5,,,,,,,,,,,,,,0,,39,97.5,38,100,,,,,,,,,,,,,0,0,0,0,0,1,0,1,,38,,,0
abb14010,2324958,5,4.17,3.75,,5,4.44,4.55,3.75,4,2.92,,,,,,,,,5,5,5,5,5,5,5,5,5,5,5,5,5,5,5,5,5,5,,,,,,,,5,5,5,5,5,5,5,5,5,5,5,5,5,5,5,,,,,,,,,,,,,,0,,35,87.5,33,86.842,,,,,,,,,,,,,1,1,1,1,0,1,1,0,,33,,,0
dmb15102,2380803,5,5,3.33,,5,3.89,2.73,3.33,4,,,,,,,,,,5,5,,,,5,5,5,5,5,5,5,,5,5,5,5,5,,,,,,,,5,5,5,5,5,5,5,5,5,5,5,5,5,5,5,,,,,,,,,,,,,,0,,31,77.5,34,89.474,,,,,,,,,,,,,1,1,1,1,0,1,1,1,3,34,,,1
amc15007,2122133,5,5,3.75,,5,5,4.09,5,4.67,5,,,,,,,,,5,5,5,5,5,5,5,5,5,5,5,5,5,5,5,5,5,5,,,,,,,,5,5,5,5,5,5,5,5,5,5,5,5,5,5,5,,,,,,,,,,,,,,0,,36,90,36,94.737,,,,,,,,,,,,,0,0,1,1,1,1,1,1,,36,,,1
njc16103,2452937,5,2.5,3.75,,5,4.44,3.64,4.17,3,,,,,,,,,,5,5,5,5,5,5,5,5,5,5,5,,,5,5,5,5,5,,,,,,,,5,5,5,5,5,5,5,5,5,,,5,5,5,5,0,,,,,,,,,,,,,0,,27,67.5,20,52.632,,,,,,,,,,,,,1,0,1,0,1,1,1,1,,20,,,1
src17001,2217362,5,5,4.58,,5,3.89,,3.75,3,,,,,,,,,,5,5,,,,5,5,,5,5,5,,,5,5,5,5,5,,,,,,,,5,5,,,,5,5,,5,,,5,5,5,5,,,,,,,,,,,,,,Needs Grading,,21,52.5,20,52.632,,,,,,,,,,,,,1,1,1,1,1,1,0,1,2,,20,,0
wec13007,2113898,5,,3.33,,5,3.33,4.55,5,3.67,3.75,,,,,,,,,5,5,5,5,5,5,5,5,5,5,5,5,5,5,,,,,,,,,,,,5,5,5,5,5,5,5,5,5,5,5,5,5,,,,,,,,,,,,,,,,0,,32,80,35,92.105,,,,,,,,,,,,,1,1,1,1,1,0,1,1,,35,,,1
elc14015,2194086,,,,,5,,,3.75,,,,,,,,,,,5,5,5,5,5,5,5,5,5,,,5,5,,,,,,,,,,,,,5,5,,,,5,,5,,,,,,,,,,,,,,,,,,,,,0,,35,87.5,,0,,,,,,,,,,,,,,,,,,,,,,,,,
mec12017,2013247,5,,5,,5,5,5,5,4,4.58,,,,,,,,,5,5,5,5,5,5,5,5,5,5,5,5,5,5,5,,,,5,5,,,,,,5,5,5,5,5,5,5,5,5,5,5,5,5,5,,5,5,,,,,,,,,,,,0,,37,92.5,36,94.737,,,,,,,,,,,,,1,1,1,1,1,1,1,1,,36,,,1
tic14005,2162583,5,,4.17,,5,4.44,4.09,3.33,3.33,3.75,,,,,,,,,5,5,,,,5,5,5,5,5,5,5,5,5,,,,,,,,,,,,5,5,,,,5,5,5,5,5,5,5,5,,,,,,,,,,,,,,,,0,,33,82.5,38,100,,,,,,,,,,,,,1,1,1,1,1,0,1,1,,38,,,0
brc13022,2080966,5,5,4.58,,5,4.44,3.64,4.58,3.33,4.17,,,,,,,,,5,5,5,5,5,5,5,5,5,5,5,5,5,5,5,5,5,5,,,,,,,,5,5,5,5,5,5,5,5,5,5,5,5,5,5,5,,,,,,,,,,,,,,0,,28,70,31,81.579,,,,,,,,,,,,,1,1,1,1,1,1,1,1,,31,,,1
smc14010,2290153,5,5,3.75,,5,4.44,5,5,4,4.58,,,,,,,,,5,5,5,5,5,5,5,5,5,5,5,5,5,5,5,5,5,5,,,,,,,,5,5,5,5,5,5,5,5,5,5,5,5,5,5,5,,,,,,,,,,,,,,0,,35,87.5,33,86.842,,,,,,,,,,,,,1,1,1,1,1,1,1,1,3,33,,,1
kac13068,2171265,,,,,,,,,,,,,,,,,,,,,,,,,,,,,,,,,,,,,,,,,,,,,,,,,,,,,,,,,,,,,,,,,,,,,,,,0,,29,72.5,33,86.842,,,,,,,,,,,,,1,1,1,1,1,1,1,1,2,,,33,0
mad17017,2681423,,3.33,4.58,,5,3.89,3.18,1.25,,4.17,,,,,,,,,5,5,5,5,5,5,5,5,5,,,5,5,5,5,5,5,5,,,,,,,,5,5,5,5,5,5,,5,,5,5,5,5,5,5,,,,,,,,,,,,,,0,,26,65,32,84.211,,,,,,,,,,,,,0,0,0,1,0,0,1,0,,32,,,1
jpd13009,2069395,5,5,3.33,,5,3.33,3.64,4.17,3,4.58,,,,,,,,,,,,,,5,5,5,5,5,5,5,5,5,5,5,5,,,,,,,,,,,,,,5,5,5,5,5,5,5,5,0,,,,,,,,,,,,,,,0,,24,60,31,81.579,,,,,,,,,,,,,1,1,1,0,1,1,0,0,,31,,,1
djd15102,2415794,5,5,5,,5,4.44,5,5,4.33,5,,,,,,,,,5,5,5,5,5,5,5,5,5,5,5,5,5,5,5,5,5,5,,,,,,,,5,5,5,5,5,5,5,5,5,5,5,5,5,5,5,,,,,,,,,,,,,,Needs Grading,,35,87.5,33,86.842,,,,,,,,,,,,,1,1,1,1,1,1,1,1,,33,,,1
jsd14004,2080578,5,5,5,,5,5,4.09,4.17,5,5,,,,,,,,,5,5,5,5,5,5,5,5,5,5,5,5,5,5,5,5,5,5,,,,,,,,5,5,5,5,5,5,5,5,5,5,5,5,5,5,5,,,,,,,,,,,,,,0,,37,92.5,35,92.105,,,,,,,,,,,,,1,1,1,1,1,1,1,1,3,35,,,1
kmd14019,2005406,5,,4.17,,5,4.44,2.73,4.58,,3.75,,,,,,,,,5,5,5,5,5,5,5,5,5,5,5,5,5,5,5,5,5,5,5,5,,,,,,5,5,5,5,5,5,5,5,0,5,5,5,5,5,5,5,5,,,,,,,,,,,,0,,26,65,24,63.158,,,,,,,,,,,,,0,1,0,0,0,0,0,1,2,24,,,0
csd13005,2032285,,3.33,,,,,,,3.67,4.17,,,,,,,,,,,,,,,,,,5,5,5,5,5,,5,5,5,,,,,,,,,,,,,,,,,,,,,,,,,,,,,,,,,,,,Needs Grading,,30,75,28,73.684,,,,,,,,,,,,,0,0,0,0,0,0,0,0,,28,,,0
amd13036,2161958,5,5,5,,5,5,4.55,4.58,4.67,4.58,,,,,,,,,5,5,5,5,5,5,5,5,5,5,5,5,5,5,5,5,5,5,,,,,,,,5,5,5,5,,5,5,5,5,5,5,5,5,5,5,,,,,,,,,,,,,,0,,40,100,34,89.474,,,,,,,,,,,,,1,0,1,1,1,1,1,1,,34,,,1
jjd14015,2304719,,4.17,3.33,,,5,3.64,3.75,,3.33,,,,,,,,,,,,,,5,5,,,,,5,5,5,5,5,5,5,,,,,,,,,,,,,,,,,5,5,5,5,5,5,,,,,,,,,,,,,,0,,33,82.5,30,78.947,,,,,,,,,,,,,1,1,1,1,1,1,1,1,3,30,,,1
cld14010,2308714,5,5,5,,5,4.44,5,4.58,5,4.58,,,,,,,,,5,5,5,5,5,5,5,5,5,5,5,5,5,5,5,5,5,5,,,,,,,,5,5,5,5,5,5,5,5,5,5,5,5,5,5,5,,,,,,,,,,,,,,0,,37,92.5,38,100,,,,,,,,,,,,,1,1,1,1,1,1,1,1,,38,,,1
asd13008,2083072,,5,3.33,,,,,,,,,,,,,,,,,,,,,,,,,,,,,,5,5,5,,,,,,,,,,,,,,,,,,,,,,,,,,,,,,,,,,,,,Needs Grading,,28,70,26,68.421,,,,,,,,,,,,,0,0,0,0,0,0,0,0,,26,,,0
eld13009,2164925,5,,4.58,,5,,,4.17,3,4.58,,,,,,,,,5,5,5,5,5,5,5,5,5,5,5,5,5,5,,,,,,,,,,,,5,5,5,5,5,5,5,5,5,5,5,,5,,,,,,,,,,,,,,,,Needs Grading,,23,57.5,31,81.579,,,,,,,,,,,,,0,0,0,1,1,1,1,1,,31,,,1
jod13011,2091516,,5,3.33,,5,,,3.75,4,4.58,5,,,,,,,,,,,,,5,5,5,5,5,5,5,5,5,5,5,5,5,5,5,,,,,,,,,,,5,,5,,,,,,5,5,5,5,,,,,,,,,,,,,,39,97.5,36,94.737,,,,,,,,,,,,,1,1,1,0,0,1,0,1,3,36,,,1
mmd12016,2016565,,,,,,,,,,,,,,,,,,,,,,,,,,,,,,,,,,,,,,,,,,,,,,,,,,,,,,,,,,,,,,,,,,,,,,,,0,,25,62.5,33,86.842,,,,,,,,,,,,,1,1,1,1,1,1,1,1,2,33,,,1
tod16101,2426137,,,,,,,,,,,,,,,,,,,,,,,,,,,,,,,,,,,,,,,,,,,,,,,,,,,,,,,,,,,,,,,,,,,,,,,,0,,24,60,33,86.842,,,,,,,,,,,,,0,1,1,1,0,1,1,0,,,,33,1
sad16108,2119001,5,5,3.33,,5,4.44,4.55,2.5,3.67,3.33,,,,,,,,,5,5,5,5,5,5,5,5,5,5,5,5,5,5,5,5,5,5,,,,,,,,5,5,5,5,5,5,5,5,5,5,5,5,5,5,5,,,,,,,,,,,,,,0,,37,92.5,31,81.579,,,,,,,,,,,,,1,1,1,1,1,0,1,0,3,31,,,1
chd14016,2193114,5,5,4.58,,,,,,4,4.58,4.72,,,,,,,,,,,,,,,,,5,5,5,5,5,5,5,5,5,5,5,,,,,,5,5,5,5,5,5,5,5,5,5,5,5,5,5,5,5,5,,,,,,,,,,,,0,,38,95,34,89.474,,,,,,,,,,,,,1,0,1,1,1,1,0,1,,34,,,1
ase13004,1865036,5,,3.75,,5,2.22,2.73,1.67,2.67,3.33,,,,,,,,,5,5,5,5,5,5,5,5,5,5,5,5,5,5,,,,,,,,,,,,5,5,5,5,5,5,5,5,5,5,5,5,5,5,0,,,,,,,,,,,,,,0,,16,40,35,92.105,,,,,,,,,,,,,1,1,1,0,0,1,1,1,,35,,,1
eme16101,2424369,5,5,5,,5,5,4.55,4.17,4.67,5,,,,,,,,,5,5,5,5,5,5,5,5,5,5,5,5,5,5,5,5,5,5,,,,,,,,5,5,5,5,5,5,5,5,5,5,5,5,5,5,5,,,,,,,,,,,,,,0,,34,85,36,94.737,,,,,,,,,,,,,1,1,0,1,1,1,1,1,2,36,,,1
ate13003,2092283,5,4.17,5,,5,3.89,5,4.58,5,5,,,,,,,,,5,5,5,5,5,5,5,5,5,5,5,5,5,5,5,5,5,5,,,,,,,,5,5,5,5,5,5,5,5,5,5,5,5,5,5,5,,,,,,,,,,,,,,0,,38,95,38,100,,,,,,,,,,,,,1,1,1,1,1,1,1,1,,38,,,1
dvf96001_previewuser,,,,,,,,,,,,,,,,,,,,,,,,,,,,,,,,,,,,,,,,,,,,,,,,,,,,,,,,,,,,,,,,,,,,,,,,,,,,,,,,,,,,,,,,,,,,,,,,,,,,,,,
lwf14001,2314930,,,,,,,,,,,,,,,,,,,,,,,,,,,,,,,,,,,,,,,,,,,,,,,,,,,,,,,,,,,,,,,,,,,,,,,,0,,31,77.5,33,86.842,,,,,,,,,,,,,0,0,0,0,1,0,0,0,,33,,,1
jof13002,2089232,5,5,4.58,,5,5,5,4.17,4.33,5,,,,,,,,,5,5,5,5,5,5,5,5,5,5,5,5,5,5,5,5,5,5,,,,,,,,5,5,5,5,5,5,5,5,5,5,5,5,5,5,5,,,,,,,,,,,,,,0,,40,100,36,94.737,,,,,,,,,,,,,1,1,1,1,1,1,1,1,3,36,,,1
emf14021,2255083,5,4.17,5,,5,5,4.09,4.17,3.67,4.58,,,,,,,,,5,5,5,5,5,5,5,5,5,5,5,5,5,5,5,5,5,5,,,,,,,,,,,,,5,5,5,5,5,5,5,5,5,5,,,,,,,,,,,,,,0,,33,82.5,36,94.737,,,,,,,,,,,,,1,0,1,1,1,1,0,1,,36,,,0
gif15101,2364449,5,,4.58,,5,4.44,4.09,4.58,4,4.17,,,,,,,,,5,5,5,5,5,5,5,5,5,5,5,5,5,5,,,,,,,,,,,,5,5,5,5,5,5,5,5,5,5,5,5,5,,,,,,,,,,,,,,,,0,,26,65,28,73.684,,,,,,,,,,,,,1,0,1,1,1,1,1,0,3,28,,,1
naf14014,2333826,5,5,5,,5,,,5,4.33,4.58,,,,,,,,,,,,,,5,5,5,5,5,5,5,5,5,5,5,5,5,,,,,,,,,,,,,5,5,5,5,5,5,5,5,5,5,,,,,,,,,,,,,,,,27,67.5,33,86.842,,,,,,,,,,,,,,,1,1,1,1,1,0,,33,,,1
mao15119,2431908,5,5,4.17,,,,,,2.67,2.5,,,,,,,,,,,,,,,,,,5,5,5,5,5,5,5,5,5,,,,,,,,,,,,,,5,,5,5,5,5,5,5,5,,,,,,,,,,,,,,Needs Grading,,27,67.5,32,84.211,,,,,,,,,,,,,1,0,1,1,0,1,1,1,2,32,,,0
anf17007,2703571,5,5,4.58,,5,3.89,3.64,3.75,4.67,5,,,,,,,,,5,5,5,5,5,5,5,5,5,5,5,5,5,5,5,5,5,5,5,,,,,,,,0,,,,5,5,5,5,5,5,5,5,5,5,5,0,,,,,,,,,,,,0,,21,52.5,28,73.684,,,,,,,,,,,,,1,1,1,0,1,0,1,0,3,28,,,0
sjg14004,2307678,5,4.17,3.33,,5,5,4.09,4.58,4.33,4.58,,,,,,,,,5,5,5,5,5,5,5,5,5,5,5,5,5,5,5,5,5,5,,,,,,,,5,5,5,5,5,5,5,5,5,5,5,5,5,5,5,,,,,,,,,,,,,,0,,39,97.5,37,97.368,,,,,,,,,,,,,1,1,1,1,1,1,0,0,3,37,,,1
kmg17003,2670158,5,,4.17,,5,5,3.18,2.92,4.33,3.33,,,,,,,,,5,5,5,5,5,5,5,5,5,5,5,5,5,5,,,,,,5,,,,,,5,5,5,5,5,5,5,5,5,5,5,5,5,,,5,0,,,,,,,,,,,,0,,28,70,24,63.158,,,,,,,,,,,,,1,0,1,1,1,1,1,0,3,24,,,1
edg15104,2367671,5,5,5,,5,4.44,4.55,4.58,4.67,5,,,,,,,,,5,5,5,5,5,5,5,5,5,5,5,5,5,5,5,5,5,5,,,,,,,,5,5,5,5,5,5,5,5,5,5,5,5,5,5,5,,,,,,,,,,,,,,0,,38,95,36,94.737,,,,,,,,,,,,,1,1,1,1,1,0,1,1,,36,,,1
ceg12014,2015208,5,,3.75,,5,5,4.55,5,4,4.58,,,,,,,,,5,5,5,5,5,5,5,5,5,5,5,5,5,5,,,,,,,,,,,,5,5,5,5,5,5,5,5,5,5,5,5,5,,,,,,,,,,,,,,,,0,,38,95,36,94.737,,,,,,,,,,,,,1,1,1,1,1,1,0,1,,36,,,1
sfg12004,2015210,5,5,4.17,,5,5,4.55,4.17,3,3.33,,,,,,,,,5,5,5,5,5,5,5,5,5,5,5,5,5,5,5,5,5,5,,,,,,,,5,5,5,5,5,5,5,5,5,5,5,5,5,5,5,,,,,,,,,,,,,,0,,38,95,36,94.737,,,,,,,,,,,,,1,1,1,1,1,1,0,1,2,36,,,1
mag13058,2161779,5,5,4.17,,5,5,5,4.58,5,5,,,,,,,,,5,5,5,5,5,5,5,5,5,5,5,5,5,5,5,5,5,5,5,,,,,,,5,5,5,5,5,5,5,5,5,5,5,5,5,5,5,5,,,,,,,,,,,,,0,,39,97.5,37,97.368,,,,,,,,,,,,,1,1,1,1,1,1,0,1,3,37,,,1
jng15106,2394955,5,5,4.17,,5,4.44,5,4.58,4.67,5,,,,,,,,,5,5,5,5,5,5,5,5,5,5,5,5,5,5,5,5,5,5,,,,,,,,5,5,5,5,5,5,5,5,5,5,5,5,5,5,5,5,,,,,,,,,,,,,0,,39,97.5,35,92.105,,,,,,,,,,,,,1,1,1,1,1,1,1,1,,35,,,1
cag14002,2180902,5,,4.17,,5,3.33,,3.75,4,3.33,,,,,,,,,5,5,,,,5,5,5,5,5,5,5,5,5,,,,,,,,,,,,5,5,,,,5,5,5,5,5,5,5,5,,,,,,,,,,,,,,,,0,,34,85,34,89.474,,,,,,,,,,,,,1,1,1,1,1,1,1,0,,34,,,1
zeg13002,2141085,5,,4.58,,5,5,3.64,4.58,4.33,3.75,,,,,,,,,5,5,5,5,5,5,5,5,5,5,5,5,5,5,5,5,5,5,,,,,,,,5,5,5,5,5,5,5,5,5,5,5,5,5,5,5,,,,,,,,,,,,,,Needs Grading,,27,67.5,31,81.579,,,,,,,,,,,,,1,1,1,1,1,1,1,1,,31,,,1
mag13037,2089374,5,4.17,4.58,,5,5,4.55,4.17,3.67,4.17,,,,,,,,,5,5,5,5,5,5,5,5,5,5,5,5,5,5,5,5,5,5,,,,,,,,5,5,5,5,5,5,5,5,5,5,5,5,5,5,5,,,,,,,,,,,,,,0,,38,95,33,86.842,,,,,,,,,,,,,0,0,1,1,0,1,1,1,,33,,,1
prg14003,2326077,5,5,5,,5,4.44,5,5,4.67,5,5,,,,,,,,5,5,5,5,5,5,5,5,5,5,5,5,5,5,5,5,5,5,5,5,,,,,,5,5,5,5,5,5,5,5,5,5,5,5,5,5,5,5,5,,,,,,,,,,,,0,,39,97.5,30,78.947,,,,,,,,,,,,,1,1,1,1,1,1,1,1,,30,,,1
vmg12006,2013251,5,5,4.58,,5,5,5,4.58,5,5,,,,,,,,,5,5,5,5,5,5,5,5,5,5,5,5,5,5,5,5,5,5,5,,,,,,,5,5,5,5,5,5,5,5,5,5,5,5,5,5,5,5,,,,,,,,,,,,,0,,37,92.5,34,89.474,,,,,,,,,,,,,0,0,1,1,1,1,1,0,,34,,,0
nih13006,2061299,5,3.33,4.17,,5,5,,3.33,4,4.58,,,,,,,,,5,5,,,,5,5,5,5,5,5,5,5,5,5,5,5,5,,,,,,,,5,5,,,,5,5,5,5,5,5,5,5,5,5,5,,,,,,,,,,,,,Needs Grading,,32,80,33,86.842,,,,,,,,,,,,,1,1,1,1,1,1,1,1,3,,33,,1
kah15002,2289556,,,,,,3.89,,,,,,,,,,,,,5,5,5,,,,,,,,,,,,,,,,,,,,,,,5,5,5,,,,,,,,,,,,,,,,,,,,,,,,,,0,,25,62.5,22,57.895,,,,,,,,,,,,,0,0,0,0,0,0,1,1,,22,,,0
aph15003,2355302,5,5,5,4.72,5,5,5,5,4.66,4.58,5,5,3.33,5,3.89,5,5,5,5,5,5,5,5,5,5,5,5,5,5,5,5,5,5,5,5,5,5,5,5,5,,5,5,5,5,5,5,5,5,5,5,5,5,5,5,5,5,5,5,5,5,5,5,5,5,5,5,5,5,5,5,Needs Grading,,34,85,35,92.105,,,,,,,,,,,,,0,0,1,1,1,1,1,1,,,35,,1
kjh13009,2100979,5,5,5,,5,4.44,4.55,5,4.67,5,4.72,,,,,,,,5,5,5,5,5,5,5,5,5,5,5,5,5,5,5,5,5,5,5,5,,,,,,5,5,5,5,5,5,5,5,5,5,5,5,5,5,5,5,5,,,,,,,,,,,,0,,33,82.5,36,94.737,,,,,,,,,,,,,1,1,1,1,1,1,1,1,,36,,,1
hkh13002,2092953,5,5,5,,5,4.44,4.55,4.17,4,5,4.44,,,,,,,,5,5,5,5,5,5,5,5,5,5,5,5,5,5,5,5,5,5,5,5,,,,,,5,5,5,5,5,5,5,5,5,5,5,5,5,5,5,5,5,,,,,,,,,,,,Needs Grading,,40,100,34,89.474,,,,,,,,,,,,,1,1,1,1,1,1,1,1,3,34,,,1
jih14008,2180232,5,4.17,3.75,,5,3.33,4.55,3.33,3.67,4.17,,,,,,,,,5,,,,,5,5,5,5,5,5,5,5,5,5,5,5,5,,,,,,,,0,,,,,5,5,5,5,5,5,5,5,5,5,,,,,,,,,,,,,,0,,22,55,28,73.684,,,,,,,,,,,,,0,1,1,1,1,1,1,0,,28,,,0
klh13014,2092619,5,4.17,5,,5,5,4.55,5,4.67,5,5,,,,,,,,5,5,5,5,5,5,5,5,5,5,5,5,5,5,5,5,5,5,5,5,,,,,,5,5,5,5,5,5,5,5,5,5,5,5,5,5,5,5,5,,,,,,,,,,,,0,,36,90,37,97.368,,,,,,,,,,,,,1,1,1,1,1,0,1,1,,37,,,1
jlh16102,2452334,5,3.33,3.75,,5,5,4.55,3.75,3,4.58,,,,,,,,,5,5,5,5,5,5,5,5,5,5,5,5,5,5,5,5,5,5,,,,,,,,5,5,5,5,5,5,5,5,5,5,5,5,5,5,5,,,,,,,,,,,,,,Needs Grading,,33,82.5,34,89.474,,,,,,,,,,,,,1,1,1,1,0,0,1,1,3,34,,,0
mri15101,2230013,5,5,4.58,,5,5,5,4.58,4.67,5,,,,,,,,,5,5,5,5,5,5,5,5,5,5,5,5,5,5,5,5,5,5,,,,,,,,5,5,5,5,5,5,5,5,5,5,5,5,5,5,5,,,,,,,,,,,,,,0,,39,97.5,37,97.368,,,,,,,,,,,,,1,1,1,1,0,1,1,1,,37,,,1
ani14005,2219985,5,4.17,4.17,,5,5,4.09,3.75,3.33,,,,,,,,,,5,5,5,5,5,5,5,5,5,5,5,,,5,5,5,5,5,,,,,,,,5,5,5,5,5,5,5,5,5,,,5,5,5,5,,,,,,,,,,,,,,Needs Grading,,34,85,33,86.842,,,,,,,,,,,,,1,1,1,1,1,1,1,1,3,33,,,1
rgj14003,2332625,5,4.17,4.17,,5,3.89,3.18,5,3.33,4.58,,,,,,,,,5,5,5,5,5,5,5,5,5,5,5,5,5,5,5,5,5,5,,,,,,,,5,5,5,5,5,5,5,5,5,5,5,5,5,5,5,,,,,,,,,,,,,,0,,34,85,36,94.737,,,,,,,,,,,,,1,1,1,1,1,1,1,1,3,36,,,1
naj14004,2322053,5,5,3.75,,5,3.89,,2.92,3.67,2.92,,,,,,,,,5,5,,,,5,5,5,5,5,5,5,5,5,5,5,5,5,,,,,,,,0,,,,,5,5,5,5,5,5,5,5,5,5,,,,,,,,,,,,,,0,,31,77.5,20,52.632,,,,,,,,,,,,,1,1,1,1,0,1,1,1,0,20,,,1
brj14010,2065888,5,4.17,3.33,,5,5,4.55,4.17,2.67,4.17,,,,,,,,,5,5,5,5,5,5,5,5,5,5,5,5,5,5,5,5,5,5,,,,,,,,5,5,5,5,5,5,5,5,5,5,5,5,5,5,5,,,,,,,,,,,,,,0,,38,95,31,81.579,,,,,,,,,,,,,1,1,1,1,1,1,0,1,3,,,31,0
snj12002,2011797,5,5,3.75,,5,4.44,3.64,5,3.33,4.58,,,,,,,,,5,5,5,5,5,5,5,5,5,5,,5,5,5,5,5,5,,,,,,,,,5,5,5,5,5,5,5,5,5,5,5,5,5,5,5,,,,,,,,,,,,,,0,,25,62.5,28,73.684,,,,,,,,,,,,,1,1,1,1,0,1,1,1,2,28,,,1
grj15103,2381924,5,5,4.58,,5,,3.18,3.75,4,2.92,,,,,,,,,5,5,5,5,5,5,5,5,5,5,5,5,5,5,5,5,5,5,,,,,,,,5,5,,5,5,5,5,5,5,5,5,5,5,5,5,,,,,,,,,,,,,,Needs Grading,,36,90,33,86.842,,,,,,,,,,,,,1,1,1,1,1,1,0,0,,33,,,1
jrk11008,1959735,5,5,5,,5,5,4.55,5,4.33,5,,,,,,,,,5,5,5,5,5,5,5,5,5,5,5,5,5,5,5,5,5,5,,,,,,,,5,5,5,5,5,5,5,5,5,5,5,5,5,5,5,,,,,,,,,,,,,,0,,40,100,35,92.105,,,,,,,,,,,,,1,1,1,1,0,1,0,1,3,35,,,0
omk14001,2334826,5,5,5,,5,5,5,5,4.67,4.58,,,,,,,,,5,5,5,5,5,5,5,5,5,5,5,5,5,5,5,5,5,5,,,,,,,,5,5,5,5,5,5,5,5,5,5,5,5,5,5,5,,,,,,,,,,,,,,0,,38,95,35,92.105,,,,,,,,,,,,,1,1,1,1,0,1,0,1,3,35,,,1
lmk13010,2115215,5,2.5,3.33,,5,3.89,3.64,2.92,3,4.17,,,,,,,,,5,5,5,5,5,5,5,5,5,5,5,5,5,5,5,5,5,5,,,,,,,,5,5,5,5,5,5,5,5,5,5,5,5,5,5,5,,,,,,,,,,,,,,0,,27,67.5,31,81.579,,,,,,,,,,,,,1,1,1,1,1,1,1,1,2,31,,,1
alk15120,2422412,5,5,4.17,,5,3.89,4.55,3.33,4,4.17,,,,,,,,,5,5,5,5,5,5,5,5,5,5,5,5,5,5,5,5,5,5,,,,,,,,5,5,5,5,5,0,5,,5,5,5,5,5,5,5,,,,,,,,,,,,,,0,,26,65,30,78.947,,,,,,,,,,,,,1,1,1,1,0,0,1,0,,,,30,0
jlk14009,2329656,5,5,5,,5,5,5,5,4,4.58,,,,,,,,,5,5,5,5,5,5,5,5,5,5,5,5,5,5,5,5,5,5,5,5,,,,,,5,5,5,5,5,5,5,5,5,5,5,5,5,5,5,5,5,,,,,,,,,,,,0,,38,95,38,100,,,,,,,,,,,,,1,1,1,1,1,1,1,1,3,38,,,0
brk14006,2305978,5,5,4.58,,5,5,4.55,4.58,3.67,4.58,3.61,,,,,,,,5,5,5,5,5,5,5,5,5,5,5,5,5,5,5,5,5,5,5,5,,,,,,5,5,5,5,5,5,5,5,5,5,5,5,5,5,5,5,5,,,,,,,,,,,,0,,35,87.5,35,92.105,,,,,,,,,,,,,1,1,1,1,1,1,1,1,3,,35,,1
kwk15102,2413542,5,5,3.75,,5,5,4.55,5,3,4.17,,,,,,,,,5,5,5,5,5,5,5,5,5,5,5,,,5,5,5,5,5,,,,,,,,5,5,5,5,5,5,5,5,5,5,5,5,5,5,5,,,,,,,,,,,,,,0,,37,92.5,25,65.789,,,,,,,,,,,,,1,1,1,0,1,0,0,1,3,,,25,1
mek14021,2246174,5,5,5,,5,5,5,5,4,4.58,4.44,,,,,,,,5,5,5,5,5,5,5,5,5,5,5,5,5,5,5,5,5,5,5,5,,,,,,5,5,5,5,5,5,5,5,5,5,5,5,5,5,5,5,5,,,,,,,,,,,,Needs Grading,,34,85,33,86.842,,,,,,,,,,,,,1,1,1,1,1,1,1,1,3,33,,,1
eak14002,2185317,5,5,4.17,,5,2.78,,5,3,4.17,,,,,,,,,5,5,,,,5,5,5,5,5,5,5,5,5,5,5,5,5,,,,,,,,0,,,,,5,5,5,5,5,5,5,5,5,5,,,,,,,,,,,,,,0,,34,85,30,78.947,,,,,,,,,,,,,0,0,1,1,0,1,1,1,3,30,,,0
shk15111,2314287,,,,,,,,,,,,,,,,,,,,,,,,,,,,,,,,,,,,,,,,,,,,,,,,,,,,,,,,,,,,,,,,,,,,,,,,0,,31,77.5,33,86.842,,,,,,,,,,,,,0,0,0,1,0,1,0,0,3,33,,,1
jmk14012,2309401,5,5,5,,5,5,4.55,5,4.33,5,,,,,,,,,5,5,5,5,5,5,5,5,5,5,5,5,5,5,5,5,5,5,,,,,,,,5,5,5,5,5,5,5,5,5,5,5,5,5,5,5,,,,,,,,,,,,,,0,,32,80,27,71.053,,,,,,,,,,,,,0,1,1,1,1,1,1,1,3,27,,,1
alk14033,2292432,5,5,5,,5,5,5,5,5,5,,,,,,,,,5,5,5,5,5,5,5,5,5,5,5,5,5,5,5,5,5,5,,,,,,,,5,0,5,5,5,5,5,5,5,5,5,5,5,5,5,,,,,,,,,,,,,,0,,33,82.5,37,97.368,,,,,,,,,,,,,1,1,1,1,1,1,1,1,,37,,,1
vnk15101,2357326,5,5,5,,5,5,4.55,5,4.67,5,,,,,,,,,5,5,5,5,5,5,5,5,5,5,5,5,5,5,5,5,5,5,5,5,5,5,,,,5,5,5,5,5,5,5,5,5,5,5,5,5,5,5,5,5,5,5,5,,,,,,,,,0,,39,97.5,36,94.737,,,,,,,,,,,,,1,1,1,1,1,1,1,1,3,36,,,1
kak15119,2197638,5,5,5,,5,,,4.17,4.67,4.17,,,,,,,,,,,,,,5,5,5,5,5,5,5,5,5,5,5,5,5,,,,,,,,,,,,,5,5,5,5,5,5,5,5,5,5,,,,,,,,,,,,,,Needs Grading,,30,75,32,84.211,,,,,,,,,,,,,0,1,1,1,1,1,1,1,,32,,,1
mik14005,2306830,5,5,4.58,,5,5,4.55,4.58,4.67,4.17,,,,,,,,,5,5,5,5,5,5,5,5,5,5,5,5,5,5,5,5,5,5,,,,,,,,5,5,5,5,5,5,5,5,5,5,5,5,5,5,5,,,,,,,,,,,,,,0,,40,100,37,97.368,,,,,,,,,,,,,1,1,1,1,1,1,0,1,2,37,,,1
ajl13025,2167033,5,2.5,2.08,,5,,,4.58,1.67,2.92,,,,,,,,,,,,,,5,5,5,5,5,5,5,5,5,5,5,5,5,,,,,,,,,,,,,5,5,5,5,5,5,5,5,5,5,,,,,,,,,,,,,,Needs Grading,,37,92.5,32,84.211,,,,,,,,,,,,,0,0,1,1,0,1,1,1,,32,,,1
all12022,2041337,5,3.33,3.75,,5,4.44,4.09,3.75,4,5,4.17,,,,,,,,5,5,5,5,5,5,5,5,5,5,5,5,5,5,5,5,5,5,5,5,,,,,,5,5,5,5,5,5,5,5,5,5,5,5,5,5,5,5,5,,,,,,,,,,,,0,,38,95,36,94.737,,,,,,,,,,,,,1,1,1,1,1,0,1,1,,36,,,0
aml13035,2095222,5,5,4.58,,,5,4.09,5,5,5,5,,,,,,,,,,,,,,,,,5,5,5,5,5,5,5,5,5,5,5,,,,,,,,,,,,5,,5,5,5,5,5,5,5,5,5,,,,,,,,,,,,,,37,92.5,34,89.474,,,,,,,,,,,,,0,,1,1,1,1,1,1,3,34,,,0
mjl15115,2413492,5,5,5,,5,4.44,4.09,5,5,5,,,,,,,,,5,5,5,5,5,5,5,5,5,5,5,5,5,5,5,5,5,5,,,,,,,,5,5,5,5,5,5,5,5,5,5,5,5,5,5,5,5,,,,,,,,,,,,,Needs Grading,,34,85,28,73.684,,,,,,,,,,,,,1,1,0,0,1,1,1,1,,28,,0,1
gal14007,2310609,5,5,4.58,,5,5,4.55,5,5,4.58,,,,,,,,,5,5,5,5,5,5,5,5,5,5,5,5,5,5,5,5,5,5,,,,,,,,5,5,5,5,5,5,5,5,5,5,5,5,5,5,5,,,,,,,,,,,,,,0,,39,97.5,36,94.737,,,,,,,,,,,,,1,1,1,1,1,1,1,1,3,36,,,1
jnl15108,2423280,5,4.17,4.17,,5,,,,4.33,,,,,,,,,,,,,,,5,5,5,5,5,5,5,5,5,5,5,5,5,,,,,,,,0,,,,,5,5,5,5,,,5,5,5,5,,,,,,,,,,,,,,0,,33,82.5,33,86.842,,,,,,,,,,,,,1,1,1,0,0,0,0,1,3,33,,,1
all14024,2310364,5,4.17,5,,5,3.33,4.09,3.75,3,4.58,,,,,,,,,5,5,5,5,5,5,5,5,5,5,5,5,5,5,5,5,5,5,,,,,,,,5,5,5,5,5,5,5,5,5,5,5,5,5,5,5,,,,,,,,,,,,,,0,,33,82.5,37,97.368,,,,,,,,,,,,,0,0,1,1,0,1,1,1,3,37,,,0
pll14001,2070868,5,4.17,4.58,,5,3.89,4.55,4.17,4.67,4.17,,,,,,,,,5,5,5,5,5,5,5,5,5,5,5,5,5,5,5,5,5,5,,,,,,,,5,5,5,5,5,5,5,5,5,5,5,5,5,5,5,,,,,,,,,,,,,,0,,30,75,30,78.947,,,,,,,,,,,,,0,1,1,1,1,1,1,1,2,30,,,1
kml14018,2100687,5,5,5,,5,5,5,4.58,4.67,5,,,,,,,,,5,5,5,5,5,5,5,5,5,5,5,5,5,5,5,5,5,5,,,,,,,,5,5,5,5,5,5,5,5,5,5,5,5,5,5,5,,,,,,,,,,,,,,0,,32,80,30,78.947,,,,,,,,,,,,,1,1,1,1,1,1,1,1,,30,,,1
dml13006,2086214,5,5,4.17,,5,5,4.55,4.17,3.67,4.58,,,,,,,,,5,5,5,5,5,5,5,5,5,5,5,5,5,5,5,5,5,5,,,,,,,,5,5,5,5,5,5,5,5,5,5,5,5,5,5,5,,,,,,,,,,,,,,Needs Grading,,36,90,29,76.316,,,,,,,,,,,,,0,0,1,1,1,1,1,1,,29,,,1
omm14007,2327778,5,4.17,4.58,,5,4.44,4.09,4.58,4,4.17,4.44,,,,,,,,5,5,5,5,5,5,5,5,5,5,5,5,5,5,5,5,5,5,5,5,,,,,,5,5,5,5,5,5,5,5,5,5,5,5,5,5,5,5,5,0,,,,,,,,,,,0,,36,90,33,86.842,,,,,,,,,,,,,1,1,1,1,1,0,1,1,,33,,,1
jrm15106,2194809,5,5,5,5,5,5,4.55,5,5,5,5,5,,,,,,,5,5,5,5,5,5,5,5,5,5,5,5,5,5,5,5,5,5,5,5,5,5,,,,5,5,5,5,5,5,5,5,5,5,5,5,5,5,5,5,5,5,5,5,5,5,,,,,,,0,,40,100,37,97.368,,,,,,,,,,,,,1,1,1,1,1,1,1,1,,37,,,1
adm13003_previewuser,,,,,,,,,,,,,,,,,,,,,,,,,,,,,,,,,,,,,,,,,,,,,,,,,,,,,,,,,,,,,,,,,,,,,,,,,,,,,,,,,,,,,,,,,,,,,,,,,,,,,,,
bem16102,2441765,5,5,5,,5,5,5,5,5,4.58,5,,,,,,,,5,5,5,5,5,5,5,5,5,5,5,5,5,5,5,5,5,5,5,5,,,,,,5,5,5,5,5,5,5,5,5,5,5,5,5,5,5,5,5,,,,,,,,,,,,0,,37,92.5,37,97.368,,,,,,,,,,,,,1,1,1,1,1,1,1,1,3,,,37,1
mlm15108,2385262,5,5,4.58,4.72,5,5,3.64,4.58,4,5,4.72,5,,,,,,,5,5,5,5,5,5,5,5,5,5,5,5,5,5,5,5,5,5,5,5,5,5,,,,5,5,5,5,5,5,5,5,5,5,5,5,5,5,5,5,5,5,5,5,5,5,,,,,,,0,,32,80,31,81.579,,,,,,,,,,,,,0,0,1,1,1,1,1,1,,31,,,1
jrm15105,2365366,5,5,5,,5,4.44,4.55,4.58,4.67,4.58,,,,,,,,,5,5,5,5,5,5,5,5,5,5,5,5,5,,5,5,5,5,,,,,,,,5,5,5,5,5,5,5,5,5,5,5,,,5,5,,,,,,,,,,,,,,0,,39,97.5,35,92.105,,,,,,,,,,,,,1,1,1,1,0,1,1,1,2,35,,,0
sam15135,2360629,5,4.17,4.17,,5,4.44,4.09,3.75,3.33,4.58,,,,,,,,,5,5,5,5,5,5,5,5,5,5,5,5,5,5,5,5,5,5,,,,,,,,5,5,5,5,5,5,5,5,5,5,5,5,5,5,5,,,,,,,,,,,,,,0,,25,62.5,31,81.579,,,,,,,,,,,,,1,0,1,1,1,1,1,1,,31,,,1
ajm13038,2140859,5,,4.17,,5,4.44,4.55,4.17,3.67,3.33,,,,,,,,,5,5,5,5,5,5,5,5,5,5,5,5,5,5,,,,,,,,,,,,5,5,5,5,5,5,5,5,5,5,5,5,5,,,,,,,,,,,,,,,,0,,36,90,37,97.368,,,,,,,,,,,,,1,1,1,1,1,1,1,1,2,37,,,1
aem13019,2030160,5,5,4.58,,5,5,4.55,4.58,5,4.58,,,,,,,,,5,5,5,5,5,5,5,5,5,5,5,5,5,5,5,5,5,5,,,,,,,,5,5,5,5,5,5,5,5,5,5,5,5,5,5,5,,,,,,,,,,,,,,Needs Grading,,37,92.5,35,92.105,,,,,,,,,,,,,1,1,1,1,1,1,1,1,2,35,,,0
aem14005,2032828,5,5,4.17,,5,4.44,4.55,4.58,5,4.58,,,,,,,,,5,5,5,5,5,5,5,5,5,5,5,5,5,5,5,5,5,5,5,5,,,,,,5,5,5,5,5,5,5,5,5,5,5,5,5,5,5,5,5,,,,,,,,,,,,0,,38,95,36,94.737,,,,,,,,,,,,,1,1,1,1,1,1,1,1,,36,,,1
jnm14002,2303297,5,4.17,4.58,,5,4.44,4.55,5,4.67,5,,,,,,,,,5,5,5,5,5,5,5,5,5,5,5,5,5,5,5,5,5,5,,,,,,,,5,5,5,5,5,5,5,5,5,5,5,5,5,5,5,,,,,,,,,,,,,,0,,37,92.5,37,97.368,,,,,,,,,,,,,1,1,1,1,0,1,1,1,,37,,,1
hpm14003,2176322,5,5,5,4.72,5,5,5,5,3.67,4.17,4.72,5,4.17,3.89,3.89,5,5,5,5,5,5,5,5,5,5,5,5,5,5,5,5,5,5,5,5,5,5,5,5,5,,5,5,5,5,5,5,5,5,5,5,5,5,5,5,5,5,5,5,5,5,5,5,5,5,5,5,5,5,5,5,0,,34,85,30,78.947,,,,,,,,,,,,,1,1,1,1,1,1,1,1,3,30,,,1
aem15105,2367744,5,4.17,4.17,,5,4.44,4.09,4.17,3.33,4.17,,,,,,,,,5,5,5,5,5,5,5,5,5,5,5,5,5,5,5,5,5,5,,,,,,,,5,5,5,5,5,5,5,5,5,5,5,5,5,5,5,,,,,,,,,,,,,,0,,26,65,27,71.053,,,,,,,,,,,,,1,1,1,1,0,0,1,1,2,27,,,1
anm13049,2066039,5,5,4.17,,5,5,4.55,5,4.67,4.58,4.72,,,,,,,,5,5,5,5,5,5,5,5,5,5,5,5,5,5,5,5,5,5,5,5,,,,,,5,5,5,5,5,5,5,5,5,5,5,5,5,5,5,5,5,5,5,5,,,,,,,,,0,,36,90,35,92.105,,,,,,,,,,,,,1,1,1,0,1,1,1,0,3,35,,,1
imm14006,2337472,,2.5,4.17,,,,,,,3.75,,,,,,,,,,,,,,,,,,,,5,5,5,5,5,5,5,,,,,,,,,,,,,,,,,5,5,5,5,0,,,,,,,,,,,,,,,Needs Grading,,22,55,28,73.684,,,,,,,,,,,,,1,0,1,1,1,1,1,1,2,28,,,0
tam13018,2082006,5,,4.17,,5,4.44,2.73,5,2.67,4.58,,,,,,,,,5,5,5,5,5,5,5,5,5,5,5,5,5,5,,,,,,,,,,,,5,5,5,5,5,5,5,5,5,5,5,5,5,,,,,,,,,,,,,,,,,,27,67.5,31,81.579,,,,,,,,,,,,,0,0,0,1,1,1,1,1,1,,31,,1
mpm13018,2163179,5,4.17,4.17,,5,5,5,4.17,4.33,3.75,,,,,,,,,5,5,5,5,5,5,5,5,5,5,5,5,5,5,5,5,5,5,,,,,,,,5,5,5,5,5,5,5,5,5,5,5,5,5,5,5,,,,,,,,,,,,,,0,,32,80,29,76.316,,,,,,,,,,,,,1,1,1,1,1,1,1,0,3,29,,,0
asm14025,2256068,5,,4.17,,5,,,2.5,2.67,3.75,,,,,,,,,,,,,,5,5,5,5,5,5,5,5,5,,,,,,,,,,,,,,,,,5,5,5,5,5,5,5,5,,,,,,,,,,,,,,,,Needs Grading,,27,67.5,28,73.684,,,,,,,,,,,,,1,1,1,1,0,1,0,1,,28,,31,1
lmm14004,2122198,5,5,4.58,,5,5,5,5,4,4.58,5,,,,,,,,5,5,5,5,5,5,5,5,5,5,5,5,5,5,5,5,5,5,5,5,,,,,,5,5,5,5,5,5,5,5,5,5,5,5,5,5,5,5,5,,,,,,,,,,,,0,,32,80,30,78.947,,,,,,,,,,,,,1,0,1,1,1,1,0,0,,30,,,1
amm15113,2075887,5,5,5,,5,5,4.55,5,4.67,5,,,,,,,,,5,5,5,5,5,5,5,5,5,5,5,5,5,5,5,5,5,5,,,,,,,,5,5,5,5,5,5,5,5,5,5,5,5,5,5,5,,,,,,,,,,,,,,0,,38,95,36,94.737,,,,,,,,,,,,,1,1,1,1,1,1,1,1,3,36,,,1
kam16112,2120306,5,,3.75,,5,5,4.55,4.17,3.67,5,,,,,,,,,5,5,5,5,5,5,5,5,5,5,5,5,5,5,,,,,,,,,,,,5,5,5,5,5,5,5,5,5,5,5,5,5,,,,,,,,,,,,,,,,0,,40,100,38,100,,,,,,,,,,,,,1,0,1,1,1,1,1,1,,38,,,1
akm15106,2409331,5,5,4.17,,5,3.89,4.55,5,4.33,4.58,,,,,,,,,5,5,5,5,5,5,5,5,5,5,5,5,5,5,5,5,5,5,,,,,,,,5,5,5,5,5,5,5,5,5,5,5,5,5,5,5,,,,,,,,,,,,,,0,,32,80,34,89.474,,,,,,,,,,,,,1,1,1,1,1,1,1,1,3,34,,,1
rem16111,2451335,,,2.92,,5,5,,4.17,,3.75,,,,,,,,,5,,,,,5,5,5,5,,,5,5,5,,,,,,,,,,,,5,,,,,0,,,,5,5,5,5,,,,,,,,,,,,,,,,0,,20,50,31,81.579,,,,,,,,,,,,,0,1,0,1,1,1,0,1,1,31,,,1
mim13021,2118983,5,5,4.58,,5,5,4.55,3.75,3.67,4.58,,,,,,,,,5,5,5,5,5,5,5,5,5,5,5,5,5,5,5,5,5,5,,,,,,,,5,5,5,5,5,5,5,5,5,5,5,5,5,5,5,5,,,,,,,,,,,,,0,,33,82.5,26,68.421,,,,,,,,,,,,,1,0,1,0,1,1,1,1,3,26,,,1
jbm13007,2072043,5,,5,,5,5,5,4.58,4.33,4.58,,,,,,,,,5,5,5,5,5,5,5,5,5,5,5,5,5,5,,,,,,,,,,,,5,5,5,5,5,5,5,5,5,5,5,5,5,,,,,,,,,,,,,,,,0,,38,95,36,94.737,,,,,,,,,,,,,0,0,0,0,0,0,0,0,,36,,,0
nem17003,2297752,5,5,4.17,,5,5,4.55,4.17,3,4.17,,,,,,,,,5,5,5,5,5,5,5,5,5,5,5,5,5,5,5,5,5,5,,,,,,,,5,5,5,5,5,5,5,5,5,5,5,5,5,5,5,,,,,,,,,,,,,,0,,35,87.5,32,84.211,,,,,,,,,,,,,1,1,1,1,1,1,1,1,3,32,,,1
shn13010,2059497,5,5,5,,5,5,5,4.58,5,5,,,,,,,,,5,5,5,5,5,5,5,5,5,5,5,5,5,5,5,5,5,5,,,,,,,,5,5,5,5,5,5,5,5,5,5,5,5,5,5,5,,,,,,,,,,,,,,0,,36,90,32,84.211,,,,,,,,,,,,,1,1,1,1,1,1,1,1,,32,,,1
imn13001,2082013,5,5,4.58,,5,3.89,2.73,3.75,3.67,3.75,,,,,,,,,5,5,5,5,5,5,5,5,5,5,5,5,5,5,5,5,5,5,,,,,,,,5,5,5,5,5,5,5,5,5,5,5,5,5,5,5,5,5,,,,,,,,,,,,Needs Grading,,19,47.5,28,73.684,,,,,,,,,,,,,1,1,1,1,1,1,1,1,2,28,,,1
tpn15001,2350995,5,5,4.17,,5,4.44,5,4.17,4.33,5,,,,,,,,,5,5,5,5,5,5,5,5,5,5,5,5,5,5,5,5,5,5,,,,,,,,5,5,5,5,5,5,5,5,5,5,5,5,5,5,5,,,,,,,,,,,,,,0,,39,97.5,37,97.368,,,,,,,,,,,,,1,1,1,1,1,1,1,1,,37,,,1
min13010,2069314,5,,5,,5,5,4.55,4.17,3.67,4.58,,,,,,,,,5,5,5,5,5,5,5,5,5,5,5,5,5,5,,,,,,,,,,,,5,5,5,5,5,5,5,5,5,5,5,5,5,,,5,,,,,,,,,,,,,0,,36,90,32,84.211,,,,,,,,,,,,,0,0,1,1,1,1,0,0,2,32,,,1
amn14004,2256196,,,,,,,,,,,,,,,,,,,,,,,,,,,,,,,,,,,,,,,,,,,,,,,,,,,,,,,,,,,,,,,,,,,,,,,,0,,36,90,31,81.579,,,,,,,,,,,,,1,1,1,1,0,1,0,0,3,31,,,0
lon14001,2113823,5,3.33,2.92,3.33,5,2.22,3.64,3.75,4,3.75,4.17,4.17,3.33,2.78,2.78,5,5,5,5,5,5,5,5,5,5,5,5,5,5,5,5,5,5,5,5,5,5,5,5,5,,5,5,5,5,5,5,5,5,5,5,5,5,5,5,5,5,5,5,5,5,5,5,5,5,5,5,5,5,5,5,0,,28,70,37,97.368,,,,,,,,,,,,,1,0,1,1,1,1,0,0,,37,,,0
abo14001,2066203,5,2.5,2.5,2.78,5,3.33,2.73,2.92,3.33,3.75,3.33,4.17,3.33,2.78,2.78,5,5,5,5,5,5,5,5,5,5,5,5,5,5,5,5,5,5,5,5,5,5,5,5,5,,5,5,5,5,5,5,5,5,5,5,5,5,5,5,5,5,5,5,5,5,5,5,5,5,5,5,5,5,5,5,Needs Grading,,29,72.5,37,97.368,,,,,,,,,,,,,1,0,1,1,1,1,0,0,3,,,37,0
huo14001,2334097,5,4.17,3.75,,5,4.44,4.55,3.75,3.33,3.75,,,,,,,,,5,5,5,5,5,5,5,5,5,5,5,5,5,5,5,5,5,5,,,,,,,,5,5,5,5,5,5,5,5,5,5,5,5,5,5,5,,,,,,,,,,,,,,0,,27,67.5,38,100,,,,,,,,,,,,,,,,1,0,0,0,0,,38,,,0
jmp14024,2329796,5,5,5,,5,4.44,4.09,2.5,3.33,5,,,,,,,,,5,5,5,5,5,5,5,5,5,5,5,5,5,5,5,5,5,5,,,,,,,,5,5,5,5,5,5,5,5,5,5,5,5,5,5,5,,,,,,,,,,,,,,0,,35,87.5,37,97.368,,,,,,,,,,,,,1,1,0,1,1,1,0,1,,,,37,0
pkp14003,2220880,,3.33,,,5,2.78,4.09,2.92,,,,,,,,,,,5,5,5,5,5,5,5,5,5,,,,,,5,5,5,5,5,5,5,5,,,,5,5,5,5,5,5,,5,,,,,,5,5,5,5,5,5,5,,,,,,,,,0,,38,95,30,78.947,,,,,,,,,,,,,0,0,0,0,0,0,0,1,,30,,,1
app13005,2089414,5,2.5,3.75,,5,3.89,3.18,4.58,3.33,3.75,,,,,,,,,5,5,5,5,5,5,5,5,5,5,5,5,5,5,5,5,5,5,,,,,,,,5,5,5,5,5,5,5,5,5,5,5,5,5,5,5,,,,,,,,,,,,,,0,,39,97.5,38,100,,,,,,,,,,,,,0,0,1,1,1,1,1,1,,38,,,1
mbp14005,2328120,5,4.17,5,,5,4.44,4.55,5,5,5,,,,,,5,5,5,5,5,5,5,5,5,5,5,5,5,5,5,5,5,5,5,5,5,5,5,5,5,,5,5,5,5,5,5,5,5,5,5,5,5,5,5,5,5,5,5,5,5,5,5,5,5,5,5,5,5,5,5,0,,38,95,38,100,,,,,,,,,,,,,1,1,1,1,1,0,1,1,2,38,,,1
amp14024,2326659,5,4.17,4.17,,5,4.44,4.55,3.75,4,4.17,4.44,,,,,,,,5,5,5,5,5,5,5,5,5,5,5,5,5,5,5,5,5,5,5,5,,,,,,5,5,5,5,5,5,5,5,5,5,5,5,5,5,5,5,5,,,,,,,,,,,,,,26,65,34,89.474,,,,,,,,,,,,,,,,1,1,1,1,1,,34,,,1
oep14001,2093287,5,4.17,4.17,,5,3.89,4.09,4.17,4,3.75,,,,,,,,,5,5,5,5,5,5,5,5,5,5,5,5,5,5,5,5,5,5,,,,,,,,5,5,5,5,5,5,5,5,5,5,5,5,5,5,5,0,,,,,,,,,,,,,Needs Grading,,27,67.5,32,84.211,,,,,,,,,,,,,1,1,1,1,1,0,1,1,,32,,,0
kjp13004,2030242,5,5,4.58,4.72,5,5,4.55,4.58,4,5,4.72,5,5,3.89,2.78,5,5,5,5,5,5,5,5,5,5,5,5,5,5,5,5,5,5,5,5,5,5,5,5,5,,5,5,5,5,5,5,5,5,5,5,5,5,5,5,5,5,5,5,5,5,5,5,5,5,5,5,5,5,5,5,0,,35,87.5,36,94.737,,,,,,,,,,,,,1,1,1,1,1,1,1,1,3,36,,,1
egp14001,2314184,5,,,,5,,,4.58,3.67,3.33,,,,,,,,,,,,,,5,5,5,5,5,5,5,5,,,,,,,,,,,,,,,,,,5,5,5,5,5,5,,,,,,,,,,,,,,,,,,Needs Grading,,36,90,36,94.737,,,,,,,,,,,,,1,1,1,1,1,1,0,1,,36,,,0
jsp15002,2354890,5,5,4.17,,5,3.33,,2.92,3.33,3.75,,,,,,,,,5,5,,,,5,5,5,5,5,5,5,5,5,5,5,5,5,,,,,,,,5,5,,,,5,5,5,5,5,5,5,5,5,5,,,,,,,,,,,,,,Needs Grading,,25,62.5,30,78.947,,,,,,,,,,,,,1,0,1,0,1,1,1,1,3,30,,,0
akp14009,2335667,5,5,4.17,,5,,,4.17,3.33,3.75,4.17,,,,,,,,,,,,,5,5,5,5,5,5,5,5,5,,5,5,5,5,5,,,,,,,,,,,5,5,5,5,5,5,5,5,5,5,5,5,,,,,,,,,,,,,,36,90,38,100,,,,,,,,,,,,,1,1,1,1,1,1,1,1,,38,,,1
ejq16001,1949329,5,3.33,4.17,,5,3.89,4.55,2.92,2.67,3.33,,,,,,,,,5,5,5,5,5,5,5,5,5,5,5,5,5,5,5,5,5,5,,,,,,,,5,5,5,5,5,5,5,5,5,5,5,5,5,5,5,,,,,,,,,,,,,,Needs Grading,,19,47.5,31,81.579,,,,,,,,,,,,,1,1,1,1,1,1,1,1,2,,31,,1
car14010,2257105,5,5,5,,5,4.44,5,4.17,4.67,4.58,5,,,,,,,,5,5,5,5,5,5,5,5,5,5,5,5,5,5,5,5,5,5,5,5,,,,,,5,5,5,5,5,5,5,5,5,5,5,5,5,5,5,5,5,,,,,,,,,,,,Needs Grading,,31,77.5,33,86.842,,,,,,,,,,,,,1,1,1,1,1,1,1,1,,33,,,0
ipr15101,2355809,5,5,5,,5,5,5,5,5,4.58,,,,,,5,5,5,5,5,5,5,5,5,5,5,5,5,5,5,5,5,5,5,5,5,5,5,5,5,,5,5,5,5,5,5,5,5,5,5,5,5,5,5,5,5,5,5,5,5,5,5,5,0,,,,,,,0,,39,97.5,38,100,,,,,,,,,,,,,1,1,1,1,1,1,0,1,3,38,,,1
jjr13015,2080618,5,5,4.58,,5,5,5,4.17,4.33,4.17,5,,,,,,,,5,5,5,5,5,5,5,5,5,5,5,5,5,5,5,5,5,5,5,5,,,,,,5,5,5,5,5,5,5,5,5,5,5,5,5,5,5,5,5,5,5,5,5,0,,,,,,,0,,38,95,37,97.368,,,,,,,,,,,,,0,0,1,1,1,1,1,1,3,37,,,0
kjr15104,2386959,5,5,4.58,,5,5,5,5,4.67,5,4.72,,,,,,,,5,5,5,5,5,5,5,5,5,5,5,5,5,5,5,5,5,5,5,5,,,,,,5,5,5,5,5,5,5,5,5,5,5,5,5,5,5,5,5,,,,,,,,,,,,0,,39,97.5,36,94.737,,,,,,,,,,,,,1,1,1,1,1,1,1,1,3,36,,,1
tar12004,2017227,5,3.33,3.75,,5,,,3.75,3.67,2.92,,,,,,,,,,,,,,5,5,5,5,5,5,5,5,5,5,5,5,5,,,,,,,,,,,,,5,5,5,5,5,5,5,5,5,5,,,,,,,,,,,,,,,,35,87.5,36,94.737,,,,,,,,,,,,,0,0,0,0,1,0,1,0,,,,36,0
dar14015,2325919,5,4.17,4.58,,5,3.89,3.64,4.17,4.67,3.75,,,,,,,,,5,5,5,5,5,5,5,5,5,5,5,5,5,5,5,5,5,5,,,,,,,,5,5,,5,5,5,5,5,5,5,5,5,5,5,5,,,,,,,,,,,,,,0,,34,85,37,97.368,,,,,,,,,,,,,1,0,1,1,0,1,0,1,3,37,,,0
gar17003,2549862,5,,2.5,,5,4.44,3.18,3.75,3.33,4.17,,,,,,,,,5,,,,,5,5,5,5,5,5,5,5,5,,,,,,,,,,,,0,,,,,5,5,5,5,5,5,5,5,,,,,,,,,,,,,,,,0,,17,42.5,26,68.421,,,,,,,,,,,,,0,0,1,0,1,0,1,1,,26,,,1
alr14021,2289010,5,4.17,4.17,,5,4.44,4.09,4.17,4.33,3.75,,,,,,,,,5,5,5,5,5,5,5,5,5,5,5,5,5,5,5,5,5,5,5,5,,,,,,5,5,5,5,5,5,5,5,5,5,5,5,5,5,5,5,5,0,,,,,,,,,,,0,,40,100,36,94.737,,,,,,,,,,,,,1,1,1,1,1,1,1,1,,36,,,1
elr13010,2063014,5,4.17,4.58,,5,4.44,4.09,3.75,4.67,4.58,,,,,,,,,5,5,5,5,5,5,5,5,5,5,5,5,5,5,5,5,5,5,,,,,,,,5,5,5,5,5,5,5,5,5,5,5,5,5,5,5,,,,,,,,,,,,,,0,,38,95,37,97.368,,,,,,,,,,,,,1,1,1,0,1,1,0,1,3,37,,,1
alr15131,2417768,5,4.17,5,,5,4.44,4.55,4.58,4.67,5,4.72,,,,,,,,5,5,,,,5,5,5,5,5,5,5,5,5,5,5,5,5,5,5,,,,,,5,5,,,,5,5,5,5,5,5,5,5,5,5,5,5,,,,,,,,,,,,Needs Grading,,39,97.5,38,100,,,,,,,,,,,,,1,1,1,0,1,0,1,0,3,38,,0,1
jas14070,2289386,5,,4.17,,,,,,4.33,,4.17,,,,,,,,5,,,,,,,,,5,5,,,5,,,,,5,5,,,,,,,,,,,,5,,,,,5,5,,,5,5,,,,,,,,,,,,0,,27,67.5,23,60.526,,,,,,,,,,,,,1,0,1,1,1,1,0,1,,23,,,1
ars13037,2089518,5,5,5,,5,5,4.09,5,4.33,5,5,,,,,,,,5,5,5,5,5,5,5,5,5,5,5,5,5,5,5,5,5,5,5,5,,,,,,5,5,5,5,5,5,5,5,5,5,5,5,5,5,5,5,5,,,,,,,,,,,,0,,38,95,36,94.737,,,,,,,,,,,,,1,0,1,0,1,1,0,0,3,36,,,0
kms14029,2202001,5,5,3.75,,5,,,3.33,2.67,3.75,,,,,,,,,,,,,,5,5,5,5,5,5,5,5,5,5,5,5,5,,,,,,,,,,,,,5,5,5,5,5,5,5,5,5,5,,,,,,,,,,,,,,Needs Grading,,37,92.5,33,86.842,,,,,,,,,,,,,0,1,1,1,0,0,1,1,3,33,,,0
mds14017,2339314,,3.33,4.58,,5,5,3.64,4.58,,,,,,,,,,,5,5,5,5,5,5,5,5,5,,,,,,5,5,5,5,,,,,,,,5,5,5,5,5,5,,5,,,,,,5,5,,,,,,,,,,,,,,0,,32,80,36,94.737,,,,,,,,,,,,,1,1,1,1,1,1,0,1,,36,,,0
ets16105,2625961,5,4.17,4.17,,5,4.44,2.73,2.08,4,4.17,,,,,,,,,5,5,5,5,5,5,5,5,5,5,5,5,5,5,5,5,5,5,,,,,,,,5,5,5,5,5,5,5,5,5,5,5,5,5,5,5,,,,,,,,,,,,,,Needs Grading,,29,72.5,34,89.474,,,,,,,,,,,,,1,0,1,1,1,1,1,1,,34,,,1
tls15102,2363638,5,5,4.58,,5,3.89,,3.75,4,4.58,,,,,,,,,5,5,,,,5,5,5,5,5,5,5,5,5,5,5,5,5,,,,,,,,5,5,,,,5,5,5,5,5,5,5,5,5,5,,,,,,,,,,,,,,0,,37,92.5,33,86.842,,,,,,,,,,,,,1,1,1,1,1,1,1,1,3,33,,,1
avs14003,2305117,5,4.17,4.58,,5,4.44,5,4.17,4.67,5,,,,,,,,,5,5,5,5,5,5,5,5,5,5,5,5,5,5,5,5,5,5,,,,,,,,5,5,5,5,5,5,5,5,5,5,5,5,5,5,5,,,,,,,,,,,,,,In Progress,,25,62.5,29,76.316,,,,,,,,,,,,,1,1,1,1,1,1,1,1,3,29,,,1
brs14023,2037902,5,5,5,,5,5,3.64,4.58,4.33,4.58,,,,,,,,,5,5,5,5,5,5,5,5,5,5,5,5,5,5,5,5,5,5,5,5,,,,,,5,5,5,5,5,5,5,5,5,5,5,5,5,5,5,,,,,,,,,,,,,,Needs Grading,,34,85,32,84.211,,,,,,,,,,,,,1,1,1,1,1,1,1,1,,32,,,1
lrs13003,2112122,5,5,5,,5,5,5,5,4.67,,,,,,,,,,5,5,5,5,5,5,5,5,5,5,5,,,5,5,5,5,5,,,,,,,,5,5,5,5,5,5,5,5,5,,,5,5,5,5,,,,,,,,,,,,,,0,,36,90,33,86.842,,,,,,,,,,,,,0,1,1,0,1,1,1,1,3,33,,,1
eks15107,2409974,5,5,5,,5,5,4.55,4.58,4.33,5,,,,,,,,,5,5,5,5,5,5,5,5,5,5,5,5,5,5,5,5,5,5,,,,,,,,5,5,5,5,5,5,5,5,5,5,5,5,5,5,5,,,,,,,,,,,,,,0,,40,100,37,97.368,,,,,,,,,,,,,1,1,1,1,1,1,1,1,3,37,,,0
scs15105,2355831,5,4.17,4.17,,5,4.44,5,4.17,4.67,3.33,,,,,,,,,5,5,5,5,5,5,5,5,5,5,5,5,5,5,5,5,5,5,,,,,,,,5,5,5,5,5,5,5,5,5,5,5,5,5,5,5,,,,,,,,,,,,,,0,,32,80,36,94.737,,,,,,,,,,,,,1,1,1,1,1,1,1,1,3,36,,,0
lgs12001,2014456,5,5,4.58,,5,3.89,3.64,4.17,3,3.75,,,,,,,,,5,5,5,5,5,5,5,5,5,5,5,5,5,5,5,5,5,5,,,,,,,,5,5,5,5,5,5,5,5,5,5,5,5,5,5,5,,,,,,,,,,,,,,0,,30,75,28,73.684,,,,,,,,,,,,,0,0,0,0,0,0,0,0,3,28,,,0
lms13016,2125809,5,5,5,,5,5,4.55,5,5,5,,,,,,,,,5,5,5,5,5,5,5,5,5,5,5,5,5,5,5,5,5,5,,,,,,,,5,5,5,5,5,5,5,5,5,5,5,5,5,5,5,,,,,,,,,,,,,,0,,38,95,38,100,,,,,,,,,,,,,1,0,1,1,0,1,1,1,3,38,,,1
ots14001,2322784,5,,3.75,,5,4.44,5,,3.67,3.33,,,,,,,,,5,5,5,5,5,5,5,,,5,5,5,5,5,,,,,5,5,,,,,,5,5,5,5,5,5,5,,5,5,5,5,5,,,5,5,,,,,,,,,,,,Needs Grading,,35,87.5,33,86.842,,,,,,,,,,,,,0,0,0,1,0,1,0,1,0,33,,,1
sss91001,,,,,,,,,,,,,,,,,,,,,,,,,,,,,,,,,,,,,,,,,,,,,,,,,,,,,,,,,,,,,,,,,,,,,,,,,,,,,,,,,,,,,,,,,,,,,,,,,,,2,,,,0
hes14004,2072052,5,5,5,,5,5,5,5,5,5,5,,,,,,,,5,5,5,5,5,5,5,5,5,5,5,5,5,5,5,5,5,5,5,5,,,,,,5,5,5,5,5,5,5,5,5,5,5,5,5,5,5,5,5,,,,,,,,,,,,0,,38,95,35,92.105,,,,,,,,,,,,,1,1,1,1,1,1,1,1,,35,,,1
tas15003,2348602,5,5,5,,5,4.44,4.55,4.58,5,5,,,,,,,,,5,5,5,5,5,5,5,5,5,5,5,5,5,5,5,5,5,5,,,,,,,,5,5,5,5,5,5,5,5,5,5,5,5,5,5,5,,,,,,,,,,,,,,0,,30,75,29,76.316,,,,,,,,,,,,,1,1,1,0,1,1,0,1,3,29,,,1
eks15103,2368023,5,4.17,4.58,,5,4.44,,5,4,4.17,,,,,,,,,5,5,,,,5,5,5,5,5,5,5,5,5,5,5,5,5,,,,,,,,5,5,,,,5,5,5,5,5,5,5,5,5,5,,,,,,,,,,,,,,0,,31,77.5,34,89.474,,,,,,,,,,,,,1,1,1,0,1,1,1,1,,34,,,1
hbs15102,2381400,5,5,4.17,,5,5,4.55,4.58,4.67,4.17,,,,,,,,,5,5,5,5,5,5,5,5,5,5,5,5,5,5,5,5,5,5,5,5,,,,,,5,5,5,5,5,5,5,5,5,5,5,5,5,5,5,5,5,,,,,,,,,,,,0,,35,87.5,38,100,,,,,,,,,,,,,1,1,1,1,1,0,1,1,,38,,,1
pat14008,2323540,5,5,4.17,,5,4.44,4.09,5,4.33,4.58,,,,,,,,,5,5,5,5,5,5,5,5,5,5,5,5,5,5,5,5,5,5,5,5,,,,,,5,5,5,5,5,5,5,5,5,5,5,5,5,5,5,5,5,,,,,,,,,,,,0,,36,90,38,100,,,,,,,,,,,,,1,1,1,1,1,1,1,1,3,38,,,1
ndt13003,2088402,5,5,5,,5,5,4.55,4.58,4.33,4.58,,,,,,,,,5,5,5,5,5,5,5,5,5,5,5,5,5,5,5,5,5,5,,,,,,,,5,5,5,5,5,5,5,5,5,5,5,5,5,5,5,,,,,,,,,,,,,,Needs Grading,,37,92.5,34,89.474,,,,,,,,,,,,,0,1,0,1,1,1,1,1,2,34,,,1
aut14005,2078373,5,,4.17,,5,4.44,3.64,3.75,4.33,4.17,,,,,,,,,5,5,5,5,5,5,5,5,5,5,5,5,5,5,,,,,,,,,,,,5,5,5,5,5,5,5,5,5,5,5,5,5,,,,,,,,,,,,,,,,0,,23,57.5,33,86.842,,,,,,,,,,,,,1,1,1,1,1,1,1,1,,,,33,1
apt14002,2294101,5,5,,,5,5,4.55,4.17,4.33,4.17,,,,,,,,,5,5,5,5,5,5,5,5,5,5,5,5,5,,5,5,5,5,,,,,,,,5,5,5,5,5,5,5,5,5,5,5,,,5,5,,,,,,,,,,,,,,0,,39,97.5,39,102.632,,,,,,,,,,,,,1,1,0,1,0,1,0,0,,39,,,1
ukt14001,2192192,5,5,5,,5,3.89,4.55,5,4.67,4.17,4.44,,,,,,,,5,5,5,5,5,5,5,5,5,5,5,5,5,5,5,5,5,5,5,5,,,,,,5,5,5,5,5,5,5,5,5,5,5,5,5,5,5,5,5,,,,,,,,,,,,0,,30,75,34,89.474,,,,,,,,,,,,,1,1,1,1,1,1,1,1,3,34,,,1
mat15117,2418329,5,,4.17,,5,4.44,3.64,3.33,2.33,2.5,,,,,,,,,5,5,5,5,,5,5,5,5,5,5,5,5,5,,,,,,,,,,,,5,5,5,5,5,5,5,5,5,5,5,5,5,,,,,,,,,,,,,,,,0,,27,67.5,22,57.895,,,,,,,,,,,,,1,1,1,1,1,1,1,1,,,,22,1
amt14018,2190554,,,,,,,,,,,,,,,,,,,,,,,,,,,,,,,,,,,,,,,,,,,,,,,,,,,,,,,,,,,,,,,,,,,,,,,,0,,37,92.5,37,97.368,,,,,,,,,,,,,1,1,1,1,1,1,0,0,,37,,,0
amt16109,2450616,5,5,2.92,,5,5,3.64,4.58,3.67,4.17,,,,,,,,,5,5,5,5,5,5,5,5,5,5,5,5,5,5,5,5,5,5,5,5,,,,,,5,5,5,5,5,5,5,5,5,5,5,5,5,5,5,5,5,,,,,,,,,,,,0,,25,62.5,25,65.789,,,,,,,,,,,,,0,0,0,1,0,0,1,1,2,25,,,1
kgu15001,2356408,5,5,5,,5,5,4.55,4.58,4.67,5,,,,,,,,,5,5,5,5,5,5,5,5,5,5,5,5,5,5,5,5,5,5,,,,,,,,5,5,5,5,5,5,5,5,5,5,5,5,5,5,5,,,,,,,,,,,,,,0,,38,95,35,92.105,,,,,,,,,,,,,1,0,1,1,1,1,1,1,,35,,,1
arv13005,2122144,,,3.33,,5,4.44,3.64,3.75,,3.33,,,,,,,,,5,5,5,5,5,5,5,5,5,,,5,5,5,,,,,,,,,,,,5,5,5,5,5,5,,5,,5,5,5,5,,,,,,,,,,,,,,,,Needs Grading,,24,60,30,78.947,,,,,,,,,,,,,0,0,0,0,1,0,1,1,,30,,,0
sav12007,2013413,5,,4.58,,5,5,5,4.58,4.33,4.58,,,,,,,,,5,5,5,5,5,5,5,5,5,5,5,5,5,5,,,,,,,,,,,,5,5,5,5,5,5,5,5,5,5,5,5,5,,,,,,,,,,,,,,,,0,,30,75,26,68.421,,,,,,,,,,,,,1,0,0,1,0,1,1,1,2,26,,,1
waw17002,2686730,5,,3.75,,5,3.89,4.09,3.75,1.67,3.33,3.06,,,,,,,,5,5,5,5,5,5,5,5,5,5,5,5,5,5,,,,,5,5,,,,,,5,5,5,5,5,5,5,5,5,5,5,5,5,,,5,5,,,,,,,,,,,,0,,31,77.5,26,68.421,,,,,,,,,,,,,1,1,1,0,1,0,1,1,3,26,,,1
jaw17006,2181020,5,5,3.75,,5,,,4.58,4,4.17,,,,,,,,,,,,,,5,5,5,5,5,5,5,5,5,5,5,5,5,,,,,,,,,,,,,5,5,5,5,5,5,5,5,5,5,,,,,,,,,,,,,,Needs Grading,,25,62.5,38,100,,,,,,,,,,,,,,,1,1,1,0,1,1,2,38,,,0
jzw15101,2422797,5,5,5,,5,5,5,5,5,5,5,5,,,,,,,5,5,5,5,5,5,5,,5,5,5,5,5,5,5,5,5,5,5,5,5,5,,,,5,5,5,5,5,5,5,5,5,5,5,5,5,5,5,5,5,5,5,5,5,5,,,,,,,Needs Grading,,39,97.5,37,97.368,,,,,,,,,,,,,1,1,1,1,1,1,1,1,3,37,,,1
mgw15102,2421499,5,5,5,,5,5,5,5,5,5,4.72,,,,,,,,5,5,5,5,5,5,5,5,5,5,5,5,5,5,5,5,5,5,5,5,,,,,,5,5,5,5,5,5,5,5,5,5,5,5,5,5,5,5,5,,,,,,,,,,,,Needs Grading,,32,80,33,86.842,,,,,,,,,,,,,1,1,1,1,1,1,1,1,2,33,,,1
anw14015,2311848,5,5,5,,5,5,5,5,5,4.58,,,,,,,,,5,5,5,5,5,5,5,5,5,5,5,5,5,5,5,5,5,5,,,,,,,,5,5,5,5,5,5,5,5,5,5,5,5,5,5,5,5,5,,,,,,,,,,,,0,,34,85,36,94.737,,,,,,,,,,,,,0,1,1,1,0,1,1,1,3,36,,,1
btw16001,2356112,5,5,4.58,,5,5,4.55,5,4.67,5,,,,,,,,,5,5,5,5,5,5,5,5,5,5,5,5,5,5,5,5,5,5,,,,,,,,5,5,5,5,5,5,5,5,5,5,5,5,5,5,5,,,,,,,,,,,,,,0,,38,95,36,94.737,,,,,,,,,,,,,1,1,1,1,1,1,1,0,,36,,,1
maw13014,2086769,5,5,4.17,,5,5,4.55,4.58,4.67,4.58,,,,,,,,,5,5,5,5,5,5,5,5,5,5,5,5,5,5,5,5,5,5,,,,,,,,5,5,5,5,5,5,5,5,5,5,5,5,5,5,5,,,,,,,,,,,,,,Needs Grading,,40,100,32,84.211,,,,,,,,,,,,,1,1,1,1,1,1,1,1,,32,,,1
elw15101,2071356,5,5,3.75,,5,5,4.09,5,4.67,5,,,,,,,,,5,5,5,5,5,5,5,5,5,5,5,5,5,5,5,5,5,,,,,,,,,5,5,5,5,5,5,5,5,5,5,5,5,5,0,,,,,,,,,,,,,,,Needs Grading,,34,85,29,76.316,,,,,,,,,,,,,0,0,1,1,1,1,1,1,,29,,,1
kgw14002,2095654,5,5,,,5,4.44,3.18,3.33,1.33,2.08,4.72,4.17,,,,,,,5,5,5,5,5,5,5,5,5,5,5,5,5,5,5,5,5,5,5,5,5,5,,,,5,5,5,5,5,5,,5,,5,5,0,,5,5,5,5,5,5,5,,,,,,,,,0,,29,72.5,26,68.421,,,,,,,,,,,,,1,0,0,0,1,0,1,1,,26,,,0
chy14013,2337735,,,2.92,,5,3.89,5,4.17,,3.33,,,,,,,,,5,5,5,5,5,5,5,5,5,,,5,5,5,,,,,,,,,,,,5,5,5,5,5,5,,5,,5,5,5,5,,,,,,,,,,,,,,,,0,,28,70,30,78.947,,,,,,,,,,,,,0,0,1,0,0,0,0,0,,30,,,0
gjy14001,2307075,5,5,4.17,,5,,,4.17,4,4.17,,,,,,,,,,,,,,5,5,5,5,5,5,5,5,5,5,5,5,5,,,,,,,,,,,,,5,5,5,5,5,5,5,5,5,5,,,,,,,,,,,,,,Needs Grading,,35,87.5,36,94.737,,,,,,,,,,,,,1,1,1,1,1,1,1,1,3,36,,,1
haz15121,2433120,5,5,5,,5,4.44,4.55,5,5,5,,,,,,,,,5,5,5,5,5,5,5,5,5,5,5,5,5,5,5,5,5,5,,,,,,,,5,5,5,5,5,5,5,5,5,5,5,5,5,5,5,,,,,,,,,,,,,,Needs Grading,,38,95,38,100,,,,,,,,,,,,,1,1,1,1,1,1,1,1,3,38,,,1